id;event_date;title;description;sport_type;time;location;team;opponent;created_at;created_by;division_id;custom_sport_type;event_type;division_provides_coach;division_provides_ref;home_away;season;meal_options;meal_notes;company_id;depart_time;start_time_field
bf68b4cb-1c8a-4c78-af8d-5f186d6a1d7d;2026-07-22;THC Dance Competition;;Dance;;THC;;;2026-01-14 15:39:46.007296+00;;;;Invitational;false;false;home;2026;"[""Snack""]";;0d0b7f4f-327e-4497-83ff-3aa501ffc295;;13:00
5284cb93-631f-4fbe-8bfb-805c70203f23;2026-07-29;Gordon Cup 🏒;;Hockey;;Timber Dome;11th Grade Boys & Under;;2026-01-30 18:17:11.878264+00;;;;Invitational;true;true;home;2026;"[""Lunch"",""Dinner"",""Snack""]";;1d296ccf-31e1-4176-af57-50a4a4820f82;;
f4d56e8a-7f14-413b-a32d-9be42073b945;2026-07-22;Jacobs Cup 🏀;;Basketball;;Timber Dome;11th Grade Boys & Under;;2026-01-30 18:15:57.381406+00;;;;Invitational;true;true;home;2026;"[""Snack"",""Lunch"",""Dinner""]";;1d296ccf-31e1-4176-af57-50a4a4820f82;;
392730d8-84ed-46b3-beb4-cd30b6f25e2a;2026-07-29;Gordon Cup ;;Hockey;;Timber Lake Camp;;;2026-01-09 11:27:34.829138+00;;;Tournament;Other;false;false;away;2026;"[""Snack""]";;0d0b7f4f-327e-4497-83ff-3aa501ffc295;07:00;
feb446bf-5a34-482e-8ee3-5d0ee9ec2c3e;2026-07-15;Super Bowl 🏈;;Football;;Jungle;11th Grade Girls & 9th Grade Boys ;;2026-01-30 18:10:12.431381+00;;;;Invitational;true;true;home;2026;"[""Lunch"",""Dinner"",""Snack""]";;1d296ccf-31e1-4176-af57-50a4a4820f82;;
cfc5ed57-f7bf-4ccf-b3d1-e54e5814ac15;2026-07-22;Jacobs Cup;;Basketball;;Timber Lake Camp;;;2026-01-14 16:06:16.874043+00;;;;Invitational;false;false;away;2026;"[""Breakfast""]";;0d0b7f4f-327e-4497-83ff-3aa501ffc295;07:00;
4c747b1c-f985-4607-9086-23935638a77f;2026-07-06;Starlight Basketball Tournament;;Basketball;;Starlight ;;;2026-03-04 12:59:39.000668+00;;6a20038f-97cf-4db1-872e-41f07f1ab83d;;Invitational;false;false;away;2026;[];;0d0b7f4f-327e-4497-83ff-3aa501ffc295;09:00;
a4e16043-a73c-4a4f-95b6-baac00d70498;2026-07-14;Lions Cup Hockey;;Hockey;;Lokanda;;;2026-03-05 14:21:23.885539+00;;;;Invitational;false;false;away;2026;[];;0d0b7f4f-327e-4497-83ff-3aa501ffc295;08:30;
631b81d4-9902-4c3c-95cf-deeaf802602d;2026-06-29;9/10 Girls Soccerama;;Soccer;;Bryn Mawr;;;2026-03-05 23:00:42.014542+00;;;;Invitational;false;false;away;2026;"[""Snack"",""Lunch""]";;0d0b7f4f-327e-4497-83ff-3aa501ffc295;09:20;
f980e589-8c67-4a29-8d3d-370b44b3dc84;2026-07-03;3 Girls Soccerama;;Soccer;;Bryn Mawr;;;2026-03-05 23:01:34.3159+00;;dca91f1e-08cf-4a23-b1cb-50f2ace6b9bc;;Invitational;false;false;away;2026;"[""Snack"",""Lunch""]";;0d0b7f4f-327e-4497-83ff-3aa501ffc295;09:20;
294d980b-5c3c-428f-b9a7-71ea2d87b20a;2026-07-10;6 Girls Soccerama;;Soccer;;Bryn Mawr;;;2026-03-05 23:02:32.773382+00;;ae359cd5-a11d-4144-ae44-40fbff653c52;;Invitational;false;false;away;2026;"[""Snack"",""Lunch""]";;0d0b7f4f-327e-4497-83ff-3aa501ffc295;09:20;
7d33b5f3-40b4-47c5-b09e-c9f92d2bd0d8;2026-07-17;5 Girls Soccerama;;Soccer;;Bryn Mawr;;;2026-03-05 23:04:07.88061+00;;17c50ef4-8fe1-49a3-aa6c-a91dec80756e;;Invitational;false;false;away;2026;"[""Lunch""]";;0d0b7f4f-327e-4497-83ff-3aa501ffc295;09:20;
bd4e16c3-b5a6-4047-8e75-e2c364512840;2026-07-24;3 Boys Football;2 Teams;Football;;Trains End;;;2026-03-05 23:11:13.069293+00;;604b9c2b-ab97-420e-9ae6-2986c2bc71ec;;Invitational;true;false;away;2026;"[""Snack""]";;0d0b7f4f-327e-4497-83ff-3aa501ffc295;09:20;
57183ad8-efcf-4b5b-b638-78565d6042f7;2026-07-26;5 Girls Football;2 Teams;Football;;Trails End;;;2026-03-05 23:12:42.2786+00;;17c50ef4-8fe1-49a3-aa6c-a91dec80756e;;Invitational;true;false;away;2026;"[""Snack""]";;0d0b7f4f-327e-4497-83ff-3aa501ffc295;11:45;
d24c73bb-23fa-48fd-9931-aae35854487f;2026-07-26;9 Boys Football;2 Teams;Football;;Trails End;;;2026-03-05 23:14:06.808908+00;;8e390752-36fe-42b6-8e0d-d4eaba221eeb;;Invitational;true;false;away;2026;[];;0d0b7f4f-327e-4497-83ff-3aa501ffc295;16:15;
a4d32d43-c9fa-49a8-8fa4-3b3b7c7c400e;2026-07-31;7 Boys Football;2 Teams;Football;;Trails End;;;2026-03-05 23:15:02.435306+00;;25e2d1f0-7127-430b-be82-677cf13ec839;;Invitational;true;false;away;2026;[];;0d0b7f4f-327e-4497-83ff-3aa501ffc295;09:20;
adaa5093-bb8b-4347-8c2c-3270525349f3;2026-07-31;9 Girls Football;2 Teams;Football;;Trails End;;;2026-03-05 23:16:01.972682+00;;2610e5b6-1c7c-47be-b63b-0d550e9f7f6a;;Invitational;true;false;away;2026;[];;0d0b7f4f-327e-4497-83ff-3aa501ffc295;14:20;
40b1ae91-1f94-4d70-a41f-f9b6107f92c9;2026-08-01;6 Boys Football;2 Teams;Football;;Trails End;;;2026-03-05 23:17:31.888799+00;;59597077-22d5-4335-a734-b197ae054da1;;Invitational;true;false;away;2026;[];;0d0b7f4f-327e-4497-83ff-3aa501ffc295;14:20;
a6934d78-12be-473a-bcd7-9ed65c247ebb;2026-07-11;6 Girls Football;2 Teams;Football;;Trails End Camp;;;2026-02-03 13:16:31.876064+00;;ae359cd5-a11d-4144-ae44-40fbff653c52;;Invitational;true;false;away;2026;"[""Snack""]";;0d0b7f4f-327e-4497-83ff-3aa501ffc295;11:45;
a9cc2543-8d88-4356-844b-e3978385dd26;2026-07-12;10/11 Girls Football;2 Teams;Football;;Trails End Camp;;;2026-02-03 13:19:19.30684+00;;;;Invitational;true;false;away;2026;"[""Snack""]";;0d0b7f4f-327e-4497-83ff-3aa501ffc295;16:15;
4cc75f0d-ecc9-47ee-af35-eee5e14d2475;2026-07-17;8 Boys Football;2 Teams;Football;;Trails End Camp;;;2026-02-03 13:20:20.763959+00;;7ab213fe-97bb-4197-b741-a14c61bc6803;;Invitational;true;false;away;2026;"[""Snack""]";;0d0b7f4f-327e-4497-83ff-3aa501ffc295;09:20;
af6d4498-8cdd-4772-8df8-76fdad76323d;2026-07-29;Franko Cup;;Football;;THC;;;2026-01-14 15:42:27.324779+00;;;;Invitational;false;false;home;2026;"[""Snack""]";;0d0b7f4f-327e-4497-83ff-3aa501ffc295;;10:00
e07a3a7a-c7d9-4ce8-82f7-c056e2acdf4e;2026-07-19;8 Girls Football;2 teams;Football;;Trails End Camp;;;2026-02-03 13:23:28.25126+00;;4b99a9d8-eeaa-46a5-9507-969f201efe9c;;Invitational;true;false;away;2026;"[""Snack""]";;0d0b7f4f-327e-4497-83ff-3aa501ffc295;14:20;
03ecb505-3684-4079-8797-45dd68af802e;2026-07-08;Equinunk Cup;;Hockey;;Equinunk;;;2026-01-15 12:59:21.760413+00;;;;Invitational;false;false;away;2026;[];;0d0b7f4f-327e-4497-83ff-3aa501ffc295;10:00;
adfce516-445c-404b-ae40-5aa5fd94c0f4;2026-07-15;3 v 3 Basketball Tourney;;Basketball;;Equinunk;;;2026-01-15 13:00:30.146378+00;;7ab213fe-97bb-4197-b741-a14c61bc6803;;Invitational;false;false;away;2026;[];;0d0b7f4f-327e-4497-83ff-3aa501ffc295;;
546543ca-938c-422c-a8ca-eacfcc4dc3de;2026-07-19;7 Girls Football;2 teams;Football;;Trails End Camp;;;2026-02-03 13:22:31.2263+00;;fdedc4d8-70ae-4335-b27b-c76fe79f47d3;;Invitational;true;false;away;2026;"[""Snack""]";;0d0b7f4f-327e-4497-83ff-3aa501ffc295;09:20;
dc524c67-854f-48fb-ad6a-86d418a4508b;2026-07-21;Westmont Football Tourney;2 teams;Football;;Westmont;;;2026-03-05 22:46:53.281513+00;;;;Invitational;false;false;away;2026;"[""Snack""]";;0d0b7f4f-327e-4497-83ff-3aa501ffc295;08:15;
59bb778a-3322-4cc7-b720-b92f35d10d8c;2026-07-05;Kamen Cup;;Soccer;;Equinunk;;;2026-01-15 12:58:35.99178+00;;;;Invitational;true;false;away;2026;[];;0d0b7f4f-327e-4497-83ff-3aa501ffc295;;
209f5a37-a98c-4493-ace2-3bed142e8aab;2026-07-06;Soccer Cup;;Soccer;;Blue Ridge;;;2026-01-15 13:01:50.250286+00;;;;Invitational;true;false;away;2026;[];;0d0b7f4f-327e-4497-83ff-3aa501ffc295;;
47801aa2-60b8-4361-bf15-6387e4cfac18;2026-07-23;Junior Gils Soccer Cup;;Soccer;;Blue Ridge;;;2026-01-15 13:07:53.051406+00;;fdedc4d8-70ae-4335-b27b-c76fe79f47d3;;Invitational;false;false;away;2026;[];;0d0b7f4f-327e-4497-83ff-3aa501ffc295;;
3a8d440c-fa73-475a-9b98-80a78899eb85;2026-07-13;Boys Basketball Invitational;;Basketball;;Home;;;2026-01-05 22:04:08.516053+00;;;Tournament ;Other;false;false;home;2026;"[""Snack"",""Lunch"",""Dinner""]";;0d0b7f4f-327e-4497-83ff-3aa501ffc295;;10:00
9c931ecc-fb6b-4bdc-89d4-0b2c4a620fcf;2026-07-20;Girls Basketball Invitational;;Basketball;;Home;;;2026-01-05 22:07:09.38259+00;;;Tournament;Other;false;false;home;2026;"[""Snack"",""Lunch"",""Dinner""]";;0d0b7f4f-327e-4497-83ff-3aa501ffc295;;10:00
dc882efb-6bc7-48bb-96e4-ea567ce9e075;2026-07-27;Laz Bowl;;Football;;Home;;;2026-01-05 22:08:49.967441+00;;;Tournament;Other;false;false;home;2026;"[""Snack"",""Lunch"",""Dinner""]";;0d0b7f4f-327e-4497-83ff-3aa501ffc295;;10:00
9508f270-be63-4384-9094-893d06d0a108;2026-08-03;Cubs Cup;;Hockey;;;;;2026-01-14 15:41:08.105299+00;;;;Invitational;false;false;home;2026;"[""Snack""]";;0d0b7f4f-327e-4497-83ff-3aa501ffc295;;21:30
878fd7bc-a180-477c-ab71-6ff41bea70a8;2026-07-08;Falki Open;;Tennis;;;;;2026-01-14 15:38:20.843634+00;;;;Invitational;false;false;home;2026;[];;0d0b7f4f-327e-4497-83ff-3aa501ffc295;;09:45
79e7f441-c4de-443b-99d3-0b0d62a5b945;2026-07-24;Sixes Lax Tourney;;Lacrosse;;THC;;;2026-01-14 15:48:51.817323+00;;;;Invitational;false;false;home;2026;"[""Snack""]";;0d0b7f4f-327e-4497-83ff-3aa501ffc295;;10:00
585c3c3e-c4b7-40f8-819e-d74ba5795b2b;2026-07-11;10/11 Boys Football;2 Teams;Football;;Trails End Camp;;;2026-02-03 13:17:43.729478+00;;;;Invitational;true;false;away;2026;"[""Snack""]";;0d0b7f4f-327e-4497-83ff-3aa501ffc295;16:15;
27ae8585-ae94-4223-b81c-52f99df78892;2026-07-23;6 Boys Hockey;Barsel Cup ;Hockey;;Lokanda;;;2026-03-05 23:28:51.995623+00;;;;Invitational;false;false;away;2026;"[""Snack""]";;0d0b7f4f-327e-4497-83ff-3aa501ffc295;08:15;
a9a72368-85d1-414d-b11f-c99d5c25479d;2026-07-23;11 and Under Girls Gymnastics;;Gymnastics;;Bryn Mawr;;;2026-03-05 23:35:03.934865+00;;;;Invitational;false;false;away;2026;"[""Lunch""]";;0d0b7f4f-327e-4497-83ff-3aa501ffc295;09:20;
78df72d7-44ec-4d8d-b266-82175b65c3ff;2026-07-05;6/7 Girls Tennis/Pickleball;"1 singles tennis per division
1 doubles team per division tennis
1 doubles team per division pickleball";Tennis;;;;;2026-03-05 23:40:49.089418+00;;;;WC One Day Tournament;false;false;home;2026;"[""Lunch""]";;0d0b7f4f-327e-4497-83ff-3aa501ffc295;;09:30
b2931463-2ccd-49b0-bd09-82527c0d9eb8;2026-07-12;6/7 Boys Tennis/Pickleball;"1 singles tennis per division
1 doubles team per division tennis
1 doubles team per division pickleball";Tennis;;;;;2026-03-05 23:41:53.02946+00;;;;WC One Day Tournament;false;false;home;2026;"[""Lunch""]";;0d0b7f4f-327e-4497-83ff-3aa501ffc295;;09:30
b91c3152-f28f-4607-baf6-744ec1b2847e;2026-07-23;10/11 Girls Volleyball;;Volleyball;;Camp Wayne Girls;;;2026-03-05 23:44:04.488676+00;;;;WC One Day Tournament;false;false;away;2026;"[""Lunch""]";;0d0b7f4f-327e-4497-83ff-3aa501ffc295;09:00;
c6151829-b7f4-4c06-aef5-fdee66cbc5de;2026-07-07;8/9 Girls Volleyball;;Volleyball;;Camp Wayne Girls;;;2026-03-05 23:42:57.014121+00;;;;WC One Day Tournament;false;false;away;2026;"[""Lunch""]";;0d0b7f4f-327e-4497-83ff-3aa501ffc295;09:00;
78ff0149-54a9-42bb-a8df-6220a1515261;2026-07-28;3 Boys Football;2 Teams;Football;;IHC;;;2026-03-05 23:46:13.246126+00;;604b9c2b-ab97-420e-9ae6-2986c2bc71ec;;WC One Day Tournament;false;false;away;2026;"[""Lunch""]";;0d0b7f4f-327e-4497-83ff-3aa501ffc295;;
d0ed36fe-3486-4857-8452-4d296a8714dc;2026-07-28;4 Boys Football;2 Teams;Football;;IHC;;;2026-03-05 23:46:57.941538+00;;ae8714fb-077d-47bb-9d66-533d8e04717f;;WC One Day Tournament;false;false;away;2026;"[""Snack""]";;0d0b7f4f-327e-4497-83ff-3aa501ffc295;;
4883579c-dce1-4323-8d80-972be4ea2b0d;2026-07-28;4 Girls Football;2 Teams;Football;;IHC;;;2026-03-05 23:47:40.381713+00;;b13b7022-a66d-4064-b9dc-149ae106b013;;WC One Day Tournament;false;false;away;2026;"[""Snack""]";;0d0b7f4f-327e-4497-83ff-3aa501ffc295;;
a5e66ee0-e2f0-43c9-8c7b-f344e7b12b44;2026-07-26;Owners Cup Boys 7 and under Baseball;2 Teams;Baseball;;Timber Lake Camp;;;2026-03-07 12:53:38.785742+00;;;;Invitational;false;false;away;2026;"[""Snack""]";;0d0b7f4f-327e-4497-83ff-3aa501ffc295;07:00;
5c75945f-64d4-4b34-a2ba-6e33b59b8f6d;2026-07-15;Bocian Bowl ;;Football;;Timberlake ;;;2026-03-07 13:50:45.915989+00;;;;Invitational;false;false;away;2026;[];;0d0b7f4f-327e-4497-83ff-3aa501ffc295;07:00;
597681b1-9ec4-44bb-9c1c-52062917cf9a;2026-07-15;Melter Cup ;;Football;;Timberlake ;;;2026-03-07 13:51:48.680737+00;;;;Invitational;false;false;away;2026;[];;0d0b7f4f-327e-4497-83ff-3aa501ffc295;07:00;