id;user_id;role;created_at;company_id
4840d938-e4dc-43f6-8043-2fc2be4cee5e;1550a549-9ffc-4dcc-a812-78d558012fc3;admin;2025-11-02 00:33:40.917629+00;0d0b7f4f-327e-4497-83ff-3aa501ffc295
35bee1a1-ee0b-4536-9dca-23cad11fef05;1550a549-9ffc-4dcc-a812-78d558012fc3;super_admin;2025-11-02 00:33:40.917629+00;0d0b7f4f-327e-4497-83ff-3aa501ffc295
8d86da66-65c2-4a17-8e1f-81d822eac881;597224a5-dfaf-47e3-8172-b2b422bb76eb;admin;2025-11-03 13:05:47.948344+00;0d0b7f4f-327e-4497-83ff-3aa501ffc295
ffc6903e-bdae-4ee9-a573-c552b79a7061;b1451a25-10ac-4df1-9cbe-3fc18ed0538e;viewer;2025-11-03 13:15:26.796258+00;0d0b7f4f-327e-4497-83ff-3aa501ffc295
2b1a58b4-4ee3-4197-9277-130068144f35;b1451a25-10ac-4df1-9cbe-3fc18ed0538e;admin;2025-11-03 13:15:27.17843+00;0d0b7f4f-327e-4497-83ff-3aa501ffc295
87c2d353-6c1c-4029-99a0-cda4bbf1ee31;f3938974-ffa8-4a95-abad-95df513c7163;viewer;2025-11-04 14:49:40.067499+00;9cbae52b-cdf8-4fab-88f5-fb949f0bde2a
6d08552b-2503-46ef-940f-13af3b69d235;f3938974-ffa8-4a95-abad-95df513c7163;admin;2025-11-04 14:49:40.268864+00;9cbae52b-cdf8-4fab-88f5-fb949f0bde2a
ad154cd6-d4a6-47e2-b6e8-c97ec5c9692e;d55a2e0f-3527-4031-9fdd-a06ab4259e8c;viewer;2025-11-04 20:14:55.67809+00;1d296ccf-31e1-4176-af57-50a4a4820f82
fd5baa75-c122-47c5-84cd-18b03330ebaf;d55a2e0f-3527-4031-9fdd-a06ab4259e8c;admin;2025-11-04 20:14:55.839052+00;1d296ccf-31e1-4176-af57-50a4a4820f82
c46596da-f593-4d70-b302-4ce97f899d9f;b61dfbc1-4443-4d6a-bcc6-72845e6e2f0c;viewer;2025-11-06 18:55:08.182882+00;0d0b7f4f-327e-4497-83ff-3aa501ffc295
84973d85-7cb4-4575-849f-c7e66f00c3bb;b61dfbc1-4443-4d6a-bcc6-72845e6e2f0c;admin;2025-11-06 18:55:08.348767+00;0d0b7f4f-327e-4497-83ff-3aa501ffc295
dd85928f-0c94-4bd8-b43b-e54e620dc8ac;35518caa-9702-4c86-96f8-13ec88bbdc24;admin;2025-11-08 21:26:58.073783+00;9cbae52b-cdf8-4fab-88f5-fb949f0bde2a
5d9ad31b-c384-4b66-8910-634c9aa5097d;3da99711-f305-4754-a2c2-68cdf4412301;viewer;2025-11-10 19:52:11.637247+00;1d296ccf-31e1-4176-af57-50a4a4820f82
bcfde977-91b9-4b2e-836c-b4e6346b2c07;3da99711-f305-4754-a2c2-68cdf4412301;admin;2025-11-10 19:52:11.918746+00;1d296ccf-31e1-4176-af57-50a4a4820f82
e9cde2a7-6a4b-48b9-a039-d2ede7b82cfe;4b875ab8-07dd-471d-ae4b-4b017fd6aeb4;viewer;2025-11-10 19:53:12.828187+00;1d296ccf-31e1-4176-af57-50a4a4820f82
24cde4cb-2df4-4ee0-82f5-db84d9c73c25;4b875ab8-07dd-471d-ae4b-4b017fd6aeb4;admin;2025-11-10 19:53:13.051022+00;1d296ccf-31e1-4176-af57-50a4a4820f82
3a2ecc51-d724-421f-904b-33a791c89966;3c62c4c9-5953-4fbc-86d8-852e2235af74;admin;2025-12-16 19:21:19.624644+00;0d0b7f4f-327e-4497-83ff-3aa501ffc295
5f89b287-547d-4fb1-a560-8223c91ccd50;9addbc00-1336-4fee-ae06-323df1c702fc;admin;2026-01-13 19:22:04.62831+00;9cbae52b-cdf8-4fab-88f5-fb949f0bde2a
aa669bdf-8cd6-487f-ade4-1697d295316a;575e9061-7c29-4923-8f2c-52e4a0b7bf66;admin;2026-01-29 13:47:34.502555+00;0d0b7f4f-327e-4497-83ff-3aa501ffc295
5249bae5-cd4d-4749-972d-24f64b9cbff8;d85282b8-3e5d-42ef-afa0-4928def74939;health_center;2026-01-29 13:50:25.545702+00;0d0b7f4f-327e-4497-83ff-3aa501ffc295
0d4244f0-8910-4144-ae64-52bc09dced9d;6c8ab9f7-ba89-46d9-80f0-ae363817226b;division_leader;2026-01-29 16:15:59.894049+00;0d0b7f4f-327e-4497-83ff-3aa501ffc295
33d1c1aa-a2aa-40e3-aae1-e800f91773e1;8554e2f1-d077-4e0d-b454-180927ebc35d;division_leader;2026-01-29 16:16:13.056738+00;0d0b7f4f-327e-4497-83ff-3aa501ffc295
8e43c3ba-1932-4747-8ca8-3a54ab227e44;74abf8c3-c20b-48e4-8aab-237542ea2e4a;division_leader;2026-01-29 16:16:18.425974+00;0d0b7f4f-327e-4497-83ff-3aa501ffc295
ed5ecc7a-c952-47ee-8c85-46c241cf593d;738c0082-4777-4a4e-b245-5f4eb1c21218;division_leader;2026-01-29 16:16:26.655361+00;0d0b7f4f-327e-4497-83ff-3aa501ffc295
a095ac5a-d09b-44c4-9317-b40ff18f8228;f175d765-2b06-4be0-b028-073597efb61b;division_leader;2026-01-29 16:16:30.278928+00;0d0b7f4f-327e-4497-83ff-3aa501ffc295
37d75a60-3759-4c47-b100-d5a3a1b621ba;af9e280b-285c-4703-8f42-abefa19c5a49;division_leader;2026-01-29 16:16:33.454606+00;0d0b7f4f-327e-4497-83ff-3aa501ffc295
b6db0264-8b87-46e1-9a59-f346be17dddd;203e0719-d207-435d-a0c7-f10dec6f908e;division_leader;2026-01-29 16:16:36.527197+00;0d0b7f4f-327e-4497-83ff-3aa501ffc295
d84c3980-56fe-4027-b265-d496e7d1458b;f1960b81-b030-46d2-84ad-ef1c5d401bf6;division_leader;2026-01-29 16:16:39.886922+00;0d0b7f4f-327e-4497-83ff-3aa501ffc295
017ae57e-31ca-4a41-9cd1-f18cc2d95928;e141feb3-55c7-47e1-88b9-8cb9f0810353;division_leader;2026-01-29 16:16:43.711307+00;0d0b7f4f-327e-4497-83ff-3aa501ffc295
10765db3-3f5d-4446-98ca-dceb9eb83980;f8918bf2-e1d4-48f3-852d-7387834e6627;division_leader;2026-01-29 16:16:47.888845+00;0d0b7f4f-327e-4497-83ff-3aa501ffc295
bed07a8c-a680-4309-8ac5-945db42cefe9;11cbc504-f617-4777-aabb-9190b0d12b1f;division_leader;2026-01-29 16:16:52.054286+00;0d0b7f4f-327e-4497-83ff-3aa501ffc295
72c5594f-073d-4869-bfb8-ef9a96bfc828;6aa00b25-b657-4bf1-8df4-7727408c34c8;admin;2026-02-04 23:16:25.456386+00;0d0b7f4f-327e-4497-83ff-3aa501ffc295
65e16265-d494-4f3f-8989-7601485756d8;d1d6cb99-e32a-453d-a20b-8721c5e3cf83;division_leader;2026-02-04 23:16:38.71793+00;0d0b7f4f-327e-4497-83ff-3aa501ffc295
af4f5ba0-98ad-49d9-949c-e4d11e04462e;a37e554c-996f-4c7f-9a61-432b13333730;division_leader;2026-02-04 23:16:43.827647+00;0d0b7f4f-327e-4497-83ff-3aa501ffc295
152772f5-630f-480b-bb40-f243073b26c7;74836590-c359-40d1-b710-9671e8e22452;division_leader;2026-02-04 23:16:51.523711+00;0d0b7f4f-327e-4497-83ff-3aa501ffc295
7ca33d22-a605-4e9c-a362-95f486587b23;29cf9d2a-9019-4a76-90fb-4acf78a514ee;division_leader;2026-02-04 23:16:54.417558+00;0d0b7f4f-327e-4497-83ff-3aa501ffc295
36fac981-1101-4b98-b627-d3e455fed649;79b4c8cd-d5ca-450f-960c-ea7c12f9a49e;division_leader;2026-02-04 23:17:02.906637+00;0d0b7f4f-327e-4497-83ff-3aa501ffc295
9e24892c-5dd6-4ea1-a8c1-39ef96a902f7;113a81a8-6716-4d72-9d2c-e456ee32713d;division_leader;2026-02-04 23:17:06.649375+00;0d0b7f4f-327e-4497-83ff-3aa501ffc295
1dce1c22-d300-4769-9032-c719cbd4e437;0214c7eb-5112-4d79-9b84-944dce3b5769;division_leader;2026-02-04 23:17:14.047226+00;0d0b7f4f-327e-4497-83ff-3aa501ffc295
3f8c17cf-12d5-43de-af06-bcecd4d16122;3a08e742-7abc-4fd4-b9ba-5932527adfd6;division_leader;2026-02-04 23:17:17.693792+00;0d0b7f4f-327e-4497-83ff-3aa501ffc295
a6cd9008-d452-42e0-806a-1b181d359060;2674e332-7d10-4691-afca-dfe6acdc571b;division_leader;2026-02-04 23:17:23.303642+00;0d0b7f4f-327e-4497-83ff-3aa501ffc295
b9b8416a-40b3-4b32-b1f3-ed3f9f7646b2;8da5c0f7-dd54-4aeb-bb65-8aeb451c22d5;admin;2026-02-04 23:39:00.896297+00;0d0b7f4f-327e-4497-83ff-3aa501ffc295
ab3cda98-ec59-49f1-ace2-601516b119ba;db7f413b-b8c3-4a86-bd3f-276761b3a382;admin;2026-02-04 23:39:04.87466+00;0d0b7f4f-327e-4497-83ff-3aa501ffc295
25e55489-5177-47b2-a4a0-a27d1bacb5fe;9c4f0ecb-7ed5-4edd-bc7a-8a04d58f5a0d;admin;2026-02-04 23:39:08.510065+00;0d0b7f4f-327e-4497-83ff-3aa501ffc295
45e4a76f-2162-4edb-954e-9fc132e81233;60bd07fe-b7a4-4d3f-b37a-c32403d7e248;admin;2026-02-04 23:39:13.039798+00;0d0b7f4f-327e-4497-83ff-3aa501ffc295
c5acccd4-bb99-429a-a8f8-af6ed3eee9c1;1c59918f-a16e-43e6-938d-a696ca5bdad2;division_leader;2026-02-06 14:23:30.85937+00;0d0b7f4f-327e-4497-83ff-3aa501ffc295
36d77814-38ea-4642-be13-cbeff2ea63d6;9c53c958-b3c4-4d48-a385-19c1bea7149a;super_admin;2026-02-12 15:45:57.924271+00;0d0b7f4f-327e-4497-83ff-3aa501ffc295
96888024-a2c5-4d88-b023-0feae9c9f464;8b04a934-e568-4fa1-a40b-f6b322c76d12;admin;2026-03-03 16:29:50.228622+00;9cbae52b-cdf8-4fab-88f5-fb949f0bde2a
c5c7d909-d7a8-4d2c-87c6-90569ea45a8f;d6b843fe-6c3f-4350-92fe-73b6b7641e49;viewer;2026-03-16 05:50:51.013736+00;0d0b7f4f-327e-4497-83ff-3aa501ffc295
80b09b36-c801-4ca3-b740-059ee64eaff3;d6b843fe-6c3f-4350-92fe-73b6b7641e49;staff;2026-03-16 05:50:51.341573+00;0d0b7f4f-327e-4497-83ff-3aa501ffc295