child_id;company_id;created_at;end_date;id;instructor;notes;schedule_periods;season;sport_name;start_date;updated_at
0c191446-abf7-4bec-9c93-76bc60683b4d;0d0b7f4f-327e-4497-83ff-3aa501ffc295;2026-04-24 12:25:27.513621+00;;71742dbf-8792-4080-a042-6fe3edd5e5b2;;;;2026;Baseball;;2026-04-24 12:25:27.513621+00
2010467e-3c34-482c-8ef0-63313bfbf526;0d0b7f4f-327e-4497-83ff-3aa501ffc295;2026-04-24 12:31:58.230275+00;;f3919edf-8e0e-4648-9e93-64016390f80b;;;;2026;Baseball;;2026-04-24 12:31:58.230275+00
332242de-4b4c-4464-acf7-44dd44a86234;0d0b7f4f-327e-4497-83ff-3aa501ffc295;2026-04-24 13:26:50.21109+00;;67e1d86c-58c2-4e97-a763-fc1d9d43747e;;;;2026;Baseball;;2026-04-24 13:26:50.21109+00
4db533f3-4792-4139-8fd5-ae480c9ad804;0d0b7f4f-327e-4497-83ff-3aa501ffc295;2026-04-24 13:28:38.002886+00;;45fbfd2a-9efe-4091-b26e-fc82a4b7dbfa;;;;2026;Baseball;;2026-04-24 13:28:38.002886+00
94909a3f-8a10-47d3-9f30-aec904786e40;0d0b7f4f-327e-4497-83ff-3aa501ffc295;2026-04-24 13:25:55.584385+00;;bfc80655-bc43-414a-8b9c-91e42dcfa9a2;;;;2026;Baseball;;2026-04-24 13:25:55.584385+00
a711720c-aebd-4fb1-a0d4-b8b63546d39e;0d0b7f4f-327e-4497-83ff-3aa501ffc295;2026-04-24 12:26:24.995227+00;;f9f928ad-67b9-4cc3-a55f-347b95cd8e63;;;;2026;Baseball;;2026-04-24 12:26:24.995227+00
b5b855fd-3870-4e7b-8b9c-1aa6267f29b1;0d0b7f4f-327e-4497-83ff-3aa501ffc295;2026-04-24 12:25:54.124503+00;;d2acb243-faf2-418a-8672-e8a5fc42c1fe;;;;2026;Baseball;;2026-04-24 12:25:54.124503+00
ca65c598-2249-4fb8-859e-f68d388ff2f3;0d0b7f4f-327e-4497-83ff-3aa501ffc295;2026-04-24 12:16:50.559305+00;;acf3eb7a-fb3f-4e1f-82fb-5be550bed606;;;;2026;Baseball;;2026-04-24 12:16:50.559305+00
d2e68940-4831-4333-89e4-b147425235c8;0d0b7f4f-327e-4497-83ff-3aa501ffc295;2026-04-24 12:11:40.835946+00;;b5732279-701e-4bc9-ab2d-665e042a17be;;;;2026;Baseball;;2026-04-24 12:11:40.835946+00
e94e0f82-44d2-4caa-ba3c-93585941ec2b;0d0b7f4f-327e-4497-83ff-3aa501ffc295;2026-04-24 13:33:49.097057+00;;063fd600-55a1-477f-a79b-a768905e5266;;;;2026;Baseball;;2026-04-24 13:33:49.097057+00
2e924ed4-150c-42e8-bac1-b60a57051363;0d0b7f4f-327e-4497-83ff-3aa501ffc295;2026-04-24 12:27:58.058259+00;;4a13a318-2127-4e4c-aab3-f106271bd251;;;;2026;Basketball;;2026-04-24 12:27:58.058259+00
4db533f3-4792-4139-8fd5-ae480c9ad804;0d0b7f4f-327e-4497-83ff-3aa501ffc295;2026-04-24 13:28:48.931876+00;;92440065-fdee-498a-b48e-44258d09ad83;;;;2026;Basketball;;2026-04-24 13:28:48.931876+00
60efd7e7-5a4b-426f-a65e-f3950170600c;0d0b7f4f-327e-4497-83ff-3aa501ffc295;2026-04-24 12:24:02.387211+00;;4eb5897d-b34f-4752-9bf9-dffda261bc5d;;;;2026;Basketball;;2026-04-24 12:24:02.387211+00
703807cd-f2a6-43f0-bfb1-0db0e35ff830;0d0b7f4f-327e-4497-83ff-3aa501ffc295;2026-04-24 12:20:39.576128+00;;153e25b3-bb07-47a6-b570-a0245c7e27d7;;;;2026;Basketball;;2026-04-24 12:20:39.576128+00
77588863-ab52-48a5-8f51-2d62d831810e;0d0b7f4f-327e-4497-83ff-3aa501ffc295;2026-04-24 13:41:21.031303+00;;97b25f30-de4d-4d2b-b06a-0b7882452dba;;;;2026;Basketball;;2026-04-24 13:41:21.031303+00
7f9994fa-16bc-4b20-a706-dec26978e50d;0d0b7f4f-327e-4497-83ff-3aa501ffc295;2026-04-24 12:30:42.408268+00;;e0156178-da5b-4c50-84bc-e90f6202f584;;With Coach Noah;;2026;Basketball;;2026-04-24 12:30:42.408268+00
8a22e9ed-5c58-46e5-91b9-316f1a29c512;0d0b7f4f-327e-4497-83ff-3aa501ffc295;2026-04-24 13:32:59.649122+00;;521a3f8d-9429-436c-8f81-dfe1283b2f3d;;;;2026;Basketball;;2026-04-24 13:32:59.649122+00
91e34025-c035-4778-9e22-6f74358062d6;0d0b7f4f-327e-4497-83ff-3aa501ffc295;2026-04-24 13:26:15.6331+00;;ca20f861-3882-4a88-bd64-3bd265c32930;;;;2026;Basketball;;2026-04-24 13:26:15.6331+00
977e9db2-fd4a-4225-99ce-e7fda2a91aea;0d0b7f4f-327e-4497-83ff-3aa501ffc295;2026-04-24 13:29:15.16392+00;;acd99638-b179-429e-8535-cee07cb641b7;;;;2026;Basketball;;2026-04-24 13:29:15.16392+00
a711720c-aebd-4fb1-a0d4-b8b63546d39e;0d0b7f4f-327e-4497-83ff-3aa501ffc295;2026-04-24 12:26:33.590115+00;;5176e60c-fd0f-4f2b-89e9-7e76e92cf788;;;;2026;Basketball;;2026-04-24 12:26:33.590115+00
bba1bb32-2516-4869-9944-256dcc1834b6;0d0b7f4f-327e-4497-83ff-3aa501ffc295;2026-04-24 12:30:10.588759+00;;64d2492b-e5f9-4332-a83b-4b16ff582d78;;;;2026;Basketball;;2026-04-24 12:30:10.588759+00
ca65c598-2249-4fb8-859e-f68d388ff2f3;0d0b7f4f-327e-4497-83ff-3aa501ffc295;2026-04-24 12:17:00.087504+00;;4d448e51-d8d9-46f8-b1fb-72b6b325b491;;;;2026;Basketball;;2026-04-24 12:17:00.087504+00
cfcd090b-59a3-478a-9327-8093a98b29a3;0d0b7f4f-327e-4497-83ff-3aa501ffc295;2026-04-24 13:30:45.062969+00;;94471315-ddf2-477c-92dc-48bcc761fa57;;Please work on shooting;;2026;Basketball;;2026-04-24 13:32:16.305142+00
d2e68940-4831-4333-89e4-b147425235c8;0d0b7f4f-327e-4497-83ff-3aa501ffc295;2026-04-24 13:32:41.083162+00;;1c29f364-0836-4a18-872b-b938607c6deb;;;;2026;Basketball;;2026-04-24 13:32:41.083162+00
d5331cd2-f84a-4e9b-9836-922cb96abd74;0d0b7f4f-327e-4497-83ff-3aa501ffc295;2026-04-24 12:23:20.13248+00;;4881987d-2610-45b4-ac71-9b2c01c0e7a3;;;;2026;Basketball;;2026-04-24 12:23:20.13248+00
e11584ba-501b-4873-8172-2d2b0faf43aa;0d0b7f4f-327e-4497-83ff-3aa501ffc295;2026-04-24 12:22:54.629643+00;;7907b08e-9736-4e6c-96aa-282b6025545c;;;;2026;Basketball;;2026-04-24 12:22:54.629643+00
e937be8f-4dfb-478e-a217-8793b3acb557;0d0b7f4f-327e-4497-83ff-3aa501ffc295;2026-04-24 12:28:15.101793+00;;a982e02c-09cd-498e-8a32-1012d74a3f24;;;;2026;Basketball;;2026-04-24 12:28:15.101793+00
f030d50c-ed70-492e-a06b-be328983c275;0d0b7f4f-327e-4497-83ff-3aa501ffc295;2026-04-24 12:28:46.664555+00;;d05e2cb9-15e7-406b-bc09-4747cf3b4941;;;;2026;Basketball;;2026-04-24 12:28:46.664555+00
1483f105-5976-4b67-a4d6-c35c3e9eb18a;0d0b7f4f-327e-4497-83ff-3aa501ffc295;2026-04-24 12:22:01.317391+00;;c81dcbad-70a1-44d4-9191-05551b74ffed;;;;2026;Golf;;2026-04-24 12:22:01.317391+00
332242de-4b4c-4464-acf7-44dd44a86234;0d0b7f4f-327e-4497-83ff-3aa501ffc295;2026-04-24 12:27:15.614486+00;;cd63a811-0baf-4d29-90ca-ad0ed6240d51;;;;2026;Golf;;2026-04-24 12:27:15.614486+00
332242de-4b4c-4464-acf7-44dd44a86234;0d0b7f4f-327e-4497-83ff-3aa501ffc295;2026-04-24 13:27:01.192653+00;;25060963-8300-4ec0-95a1-4bf8980d672b;;;;2026;Golf;;2026-04-24 13:27:01.192653+00
39081b14-e859-40bc-b575-f281995527f7;0d0b7f4f-327e-4497-83ff-3aa501ffc295;2026-04-24 12:31:34.591486+00;;49101441-9c4d-4617-a86f-e4b41ff20cce;;With Pete Hochman;;2026;Golf;;2026-04-24 12:31:34.591486+00
d612bb89-d773-4e26-b4e4-147b01444504;0d0b7f4f-327e-4497-83ff-3aa501ffc295;2026-04-24 13:35:14.017874+00;;9c8c87a6-f0e8-4bf2-a0a5-d761a1f747c5;;;;2026;Golf;;2026-04-24 13:35:14.017874+00
1f2aac44-f4db-472c-bada-1580fcba27f0;0d0b7f4f-327e-4497-83ff-3aa501ffc295;2026-04-24 12:25:03.292261+00;;904d88c0-34f0-4cb8-8b98-5fe7afb36a07;;stick and wrist strength, endurance, faster transition, pausing on puck;;2026;Hockey;;2026-04-24 12:25:03.292261+00
6a4a4a9f-2620-4070-b810-2930c4308ed5;0d0b7f4f-327e-4497-83ff-3aa501ffc295;2026-04-24 13:27:44.111811+00;;0eb0572d-1754-46cb-8f02-dfa800421c71;;;;2026;Hockey;;2026-04-24 13:27:44.111811+00
7fca98f0-a0de-4dbf-a631-d561b0ee8a53;0d0b7f4f-327e-4497-83ff-3aa501ffc295;2026-04-24 13:27:27.024678+00;;f06428a8-55ee-44a0-8947-750927b5e89e;;;;2026;Hockey;;2026-04-24 13:27:27.024678+00
a49f6215-96e5-448b-a281-c6a23c5d8c5e;0d0b7f4f-327e-4497-83ff-3aa501ffc295;2026-04-24 12:29:13.888778+00;;5a7ec41d-d478-4c4b-8632-d8875081efb5;;;;2026;Hockey;;2026-04-24 12:29:13.888778+00
a345ce80-0b09-4c05-a847-83eb74ff3530;0d0b7f4f-327e-4497-83ff-3aa501ffc295;2026-04-24 12:22:27.527878+00;;35a93853-edf9-4c16-9df3-eb8c25221488;;;;2026;Lacrosse;;2026-04-24 12:22:27.527878+00
06c39d1d-8c4f-4862-a5d3-b0553f49998c;0d0b7f4f-327e-4497-83ff-3aa501ffc295;2026-04-24 13:34:34.296727+00;;95cb4238-020d-4cbc-a98d-11430aa62739;;;;2026;Soccer;;2026-04-24 13:34:34.296727+00
3b886886-314c-496a-bbe0-c2e960b98016;0d0b7f4f-327e-4497-83ff-3aa501ffc295;2026-04-24 12:12:46.25632+00;;fe99f350-6d34-4f55-93cf-5b9822c79e50;;;;2026;Soccer;;2026-04-24 12:12:46.25632+00
4490a4c9-f4a6-4318-a16a-a60d968e45c0;0d0b7f4f-327e-4497-83ff-3aa501ffc295;2026-04-26 20:46:58.401948+00;;7fad761e-a0e5-46d1-85e2-fe8744e3b405;;;;2026;Soccer;;2026-04-26 20:46:58.401948+00
5cb47b4a-1751-408e-ba9b-6d4137d76e06;0d0b7f4f-327e-4497-83ff-3aa501ffc295;2026-04-24 12:17:40.318609+00;;13bc71dc-43ec-40da-9346-667d7f5c76cf;;;;2026;Soccer;;2026-04-24 12:17:40.318609+00
6d2157ff-f378-472b-8870-71f054fb300f;0d0b7f4f-327e-4497-83ff-3aa501ffc295;2026-04-24 13:34:06.286398+00;;847221d2-aca4-421a-9fd2-5be2dbb9f5e0;;;;2026;Soccer;;2026-04-24 13:34:06.286398+00
ccfae637-2c5c-4a6c-8a1b-a623058ce886;0d0b7f4f-327e-4497-83ff-3aa501ffc295;2026-04-26 20:47:26.727361+00;;61fe818f-e149-47aa-8233-719287a7e135;;;;2026;Soccer;;2026-04-26 20:47:26.727361+00
d612bb89-d773-4e26-b4e4-147b01444504;0d0b7f4f-327e-4497-83ff-3aa501ffc295;2026-04-24 13:35:03.513953+00;;a811cc42-7d7a-4144-8bc5-3497d7c8f97e;;;;2026;Soccer;;2026-04-24 13:35:03.513953+00
df15f035-8851-4b88-97b5-83e904b217cf;0d0b7f4f-327e-4497-83ff-3aa501ffc295;2026-04-24 13:28:03.99549+00;;077a3e68-7687-4ef4-8fc7-adba77204a6c;;;;2026;Soccer;;2026-04-24 13:28:03.99549+00
df15f035-8851-4b88-97b5-83e904b217cf;0d0b7f4f-327e-4497-83ff-3aa501ffc295;2026-04-24 13:28:13.572298+00;;450aad76-a868-4b46-bc61-305a81d0de7d;;;;2026;Soccer;;2026-04-24 13:28:13.572298+00
6a92ee0e-a091-4f91-b12e-810595a4711e;0d0b7f4f-327e-4497-83ff-3aa501ffc295;2026-04-24 13:29:43.404653+00;;c2fa9ee5-fc8c-4771-a0e8-6f0c0a6f79c7;;;;2026;Tennis;;2026-04-24 13:29:43.404653+00
6d2157ff-f378-472b-8870-71f054fb300f;0d0b7f4f-327e-4497-83ff-3aa501ffc295;2026-04-24 13:34:18.810499+00;;481e6202-7274-4174-9bf0-66b8e8d6e17b;;;;2026;Tennis;;2026-04-24 13:34:18.810499+00
8a22e9ed-5c58-46e5-91b9-316f1a29c512;0d0b7f4f-327e-4497-83ff-3aa501ffc295;2026-04-24 13:33:08.788154+00;;61d45367-c2cd-4c22-be4a-934dc0b2a131;;;;2026;Tennis;;2026-04-24 13:33:08.788154+00
8d0d2ab3-e2d8-47e8-b299-315c4c736633;0d0b7f4f-327e-4497-83ff-3aa501ffc295;2026-04-24 12:23:43.633723+00;;20159095-2e53-4eaf-8a1f-bbfee3fece35;;;;2026;Tennis;;2026-04-24 12:23:43.633723+00
a08aac54-a16d-4552-a158-6408bb3e40da;0d0b7f4f-327e-4497-83ff-3aa501ffc295;2026-04-24 12:21:30.893802+00;;f1f905dc-6eed-4fc6-a574-acbcad1412b7;;trying out for HS team after camp;;2026;Tennis;;2026-04-24 12:21:30.893802+00
c9ef7ba4-ddca-4949-8112-46d05b07c199;0d0b7f4f-327e-4497-83ff-3aa501ffc295;2026-04-24 12:20:09.063205+00;;7132a687-2d69-43fd-ae1b-6598114807f9;;trying out for HS team after camp;;2026;Tennis;;2026-04-24 12:20:09.063205+00
e11584ba-501b-4873-8172-2d2b0faf43aa;0d0b7f4f-327e-4497-83ff-3aa501ffc295;2026-04-24 13:33:32.335333+00;;f90c3d7e-f91e-4e07-93fc-1d5ad2afe00c;;;;2026;Tennis;;2026-04-24 13:33:32.335333+00
e37b8660-d65b-475e-b079-8f370bd906c6;0d0b7f4f-327e-4497-83ff-3aa501ffc295;2026-04-24 12:26:50.134263+00;;a93ec086-6991-4738-a5f9-6fffae720290;;;;2026;Tennis;;2026-04-24 12:26:50.134263+00
e937be8f-4dfb-478e-a217-8793b3acb557;0d0b7f4f-327e-4497-83ff-3aa501ffc295;2026-04-24 12:28:30.956242+00;;d73214fe-f374-47d3-9431-a2df08bd2f67;;;;2026;Tennis;;2026-04-24 12:28:30.956242+00